"","from","to","type","subtype"
"1","APLNR","GNB5","PPrel","binding/association"
"2","APLNR","GNAI1","PPrel","binding/association"
"3","APLNR","GNAI2","PPrel","binding/association"
"4","APLNR","GNAI3","PPrel","binding/association"
"5","APLNR","GNB1","PPrel","binding/association"
"6","APLNR","GNB2","PPrel","binding/association"
"7","APLNR","GNB3","PPrel","binding/association"
"8","APLNR","GNG3","PPrel","binding/association"
"9","APLNR","GNG4","PPrel","binding/association"
"10","APLNR","GNG5","PPrel","binding/association"
"11","APLNR","GNG7","PPrel","binding/association"
"12","APLNR","GNG10","PPrel","binding/association"
"13","APLNR","GNG11","PPrel","binding/association"
"14","APLNR","GNGT1","PPrel","binding/association"
"15","APLNR","GNGT2","PPrel","binding/association"
"16","APLNR","GNG13","PPrel","binding/association"
"17","APLNR","GNG2","PPrel","binding/association"
"18","APLNR","GNG12","PPrel","binding/association"
"19","APLNR","GNB4","PPrel","binding/association"
"20","APLNR","GNG8","PPrel","binding/association"
"21","APLNR","GNAQ","PPrel","binding/association"
"22","APLNR","GNA13","PPrel","binding/association"
"23","APLNR","PIK3R4","GErel","expression"
"24","APLNR","PIK3R4","GErel","indirect effect"
"25","APLNR","PIK3C3","GErel","expression"
"26","APLNR","PIK3C3","GErel","indirect effect"
"27","PRKAG2","PLIN1","GErel","expression"
"28","PRKAG2","PPARGC1A","GErel","expression"
"29","PRKAG2","PPARGC1A","GErel","indirect effect"
"30","PRKAG2","KLF2","GErel","expression"
"31","PRKAG2","KLF2","GErel","indirect effect"
"32","PRKAG2","SPHK2","GErel","repression"
"33","PRKAG2","SPHK2","GErel","indirect effect"
"34","PRKAG2","SPHK1","GErel","repression"
"35","PRKAG2","SPHK1","GErel","indirect effect"
"36","PRKAG3","PLIN1","GErel","expression"
"37","PRKAG3","PPARGC1A","GErel","expression"
"38","PRKAG3","PPARGC1A","GErel","indirect effect"
"39","PRKAG3","KLF2","GErel","expression"
"40","PRKAG3","KLF2","GErel","indirect effect"
"41","PRKAG3","SPHK2","GErel","repression"
"42","PRKAG3","SPHK2","GErel","indirect effect"
"43","PRKAG3","SPHK1","GErel","repression"
"44","PRKAG3","SPHK1","GErel","indirect effect"
"45","PRKAA1","PLIN1","GErel","expression"
"46","PRKAA1","PPARGC1A","GErel","expression"
"47","PRKAA1","PPARGC1A","GErel","indirect effect"
"48","PRKAA1","KLF2","GErel","expression"
"49","PRKAA1","KLF2","GErel","indirect effect"
"50","PRKAA1","SPHK2","GErel","repression"
"51","PRKAA1","SPHK2","GErel","indirect effect"
"52","PRKAA1","SPHK1","GErel","repression"
"53","PRKAA1","SPHK1","GErel","indirect effect"
"54","PRKAA2","PLIN1","GErel","expression"
"55","PRKAA2","PPARGC1A","GErel","expression"
"56","PRKAA2","PPARGC1A","GErel","indirect effect"
"57","PRKAA2","KLF2","GErel","expression"
"58","PRKAA2","KLF2","GErel","indirect effect"
"59","PRKAA2","SPHK2","GErel","repression"
"60","PRKAA2","SPHK2","GErel","indirect effect"
"61","PRKAA2","SPHK1","GErel","repression"
"62","PRKAA2","SPHK1","GErel","indirect effect"
"63","PRKAB1","PLIN1","GErel","expression"
"64","PRKAB1","PPARGC1A","GErel","expression"
"65","PRKAB1","PPARGC1A","GErel","indirect effect"
"66","PRKAB1","KLF2","GErel","expression"
"67","PRKAB1","KLF2","GErel","indirect effect"
"68","PRKAB1","SPHK2","GErel","repression"
"69","PRKAB1","SPHK2","GErel","indirect effect"
"70","PRKAB1","SPHK1","GErel","repression"
"71","PRKAB1","SPHK1","GErel","indirect effect"
"72","PRKAB2","PLIN1","GErel","expression"
"73","PRKAB2","PPARGC1A","GErel","expression"
"74","PRKAB2","PPARGC1A","GErel","indirect effect"
"75","PRKAB2","KLF2","GErel","expression"
"76","PRKAB2","KLF2","GErel","indirect effect"
"77","PRKAB2","SPHK2","GErel","repression"
"78","PRKAB2","SPHK2","GErel","indirect effect"
"79","PRKAB2","SPHK1","GErel","repression"
"80","PRKAB2","SPHK1","GErel","indirect effect"
"81","PRKAG1","PLIN1","GErel","expression"
"82","PRKAG1","PPARGC1A","GErel","expression"
"83","PRKAG1","PPARGC1A","GErel","indirect effect"
"84","PRKAG1","KLF2","GErel","expression"
"85","PRKAG1","KLF2","GErel","indirect effect"
"86","PRKAG1","SPHK2","GErel","repression"
"87","PRKAG1","SPHK2","GErel","indirect effect"
"88","PRKAG1","SPHK1","GErel","repression"
"89","PRKAG1","SPHK1","GErel","indirect effect"
"90","SERPINE1","PLAT","PPrel","inhibition"
"91","GNB5","PIK3R6","PPrel","activation"
"92","GNB5","PIK3R5","PPrel","activation"
"93","GNB5","PIK3CG","PPrel","activation"
"94","GNB5","PRKCE","PPrel","activation"
"95","GNB5","PRKAG2","PPrel","activation"
"96","GNB5","PRKAG3","PPrel","activation"
"97","GNB5","PRKAA1","PPrel","activation"
"98","GNB5","PRKAA2","PPrel","activation"
"99","GNB5","PRKAB1","PPrel","activation"
"100","GNB5","PRKAB2","PPrel","activation"
"101","GNB5","PRKAG1","PPrel","activation"
"102","GNB5","RRAS2","PPrel","activation"
"103","GNB5","MRAS","PPrel","activation"
"104","GNB5","HRAS","PPrel","activation"
"105","GNB5","KRAS","PPrel","activation"
"106","GNB5","NRAS","PPrel","activation"
"107","GNB5","RRAS","PPrel","activation"
"108","GNB5","PLCB1","PPrel","activation"
"109","GNB5","PLCB2","PPrel","activation"
"110","GNB5","PLCB3","PPrel","activation"
"111","GNB5","PLCB4","PPrel","activation"
"112","GNB5","ADCY1","PPrel","inhibition"
"113","GNB5","ADCY2","PPrel","inhibition"
"114","GNB5","ADCY3","PPrel","inhibition"
"115","GNB5","ADCY5","PPrel","inhibition"
"116","GNB5","ADCY6","PPrel","inhibition"
"117","GNB5","ADCY7","PPrel","inhibition"
"118","GNB5","ADCY8","PPrel","inhibition"
"119","GNB5","ADCY9","PPrel","inhibition"
"120","GNB5","ADCY4","PPrel","inhibition"
"121","GNB5","ADCY10","PPrel","inhibition"
"122","GNB5","CAMK4","PPrel","activation"
"123","GNB5","CAMK4","PPrel","indirect effect"
"124","GNAI1","PIK3R6","PPrel","activation"
"125","GNAI1","PIK3R5","PPrel","activation"
"126","GNAI1","PIK3CG","PPrel","activation"
"127","GNAI1","PRKCE","PPrel","activation"
"128","GNAI1","ADCY1","PPrel","inhibition"
"129","GNAI1","ADCY2","PPrel","inhibition"
"130","GNAI1","ADCY3","PPrel","inhibition"
"131","GNAI1","ADCY5","PPrel","inhibition"
"132","GNAI1","ADCY6","PPrel","inhibition"
"133","GNAI1","ADCY7","PPrel","inhibition"
"134","GNAI1","ADCY8","PPrel","inhibition"
"135","GNAI1","ADCY9","PPrel","inhibition"
"136","GNAI1","ADCY4","PPrel","inhibition"
"137","GNAI1","ADCY10","PPrel","inhibition"
"138","GNAI2","PIK3R6","PPrel","activation"
"139","GNAI2","PIK3R5","PPrel","activation"
"140","GNAI2","PIK3CG","PPrel","activation"
"141","GNAI2","PRKCE","PPrel","activation"
"142","GNAI2","ADCY1","PPrel","inhibition"
"143","GNAI2","ADCY2","PPrel","inhibition"
"144","GNAI2","ADCY3","PPrel","inhibition"
"145","GNAI2","ADCY5","PPrel","inhibition"
"146","GNAI2","ADCY6","PPrel","inhibition"
"147","GNAI2","ADCY7","PPrel","inhibition"
"148","GNAI2","ADCY8","PPrel","inhibition"
"149","GNAI2","ADCY9","PPrel","inhibition"
"150","GNAI2","ADCY4","PPrel","inhibition"
"151","GNAI2","ADCY10","PPrel","inhibition"
"152","GNAI3","PIK3R6","PPrel","activation"
"153","GNAI3","PIK3R5","PPrel","activation"
"154","GNAI3","PIK3CG","PPrel","activation"
"155","GNAI3","PRKCE","PPrel","activation"
"156","GNAI3","ADCY1","PPrel","inhibition"
"157","GNAI3","ADCY2","PPrel","inhibition"
"158","GNAI3","ADCY3","PPrel","inhibition"
"159","GNAI3","ADCY5","PPrel","inhibition"
"160","GNAI3","ADCY6","PPrel","inhibition"
"161","GNAI3","ADCY7","PPrel","inhibition"
"162","GNAI3","ADCY8","PPrel","inhibition"
"163","GNAI3","ADCY9","PPrel","inhibition"
"164","GNAI3","ADCY4","PPrel","inhibition"
"165","GNAI3","ADCY10","PPrel","inhibition"
"166","GNB1","PIK3R6","PPrel","activation"
"167","GNB1","PIK3R5","PPrel","activation"
"168","GNB1","PIK3CG","PPrel","activation"
"169","GNB1","PRKCE","PPrel","activation"
"170","GNB1","PRKAG2","PPrel","activation"
"171","GNB1","PRKAG3","PPrel","activation"
"172","GNB1","PRKAA1","PPrel","activation"
"173","GNB1","PRKAA2","PPrel","activation"
"174","GNB1","PRKAB1","PPrel","activation"
"175","GNB1","PRKAB2","PPrel","activation"
"176","GNB1","PRKAG1","PPrel","activation"
"177","GNB1","RRAS2","PPrel","activation"
"178","GNB1","MRAS","PPrel","activation"
"179","GNB1","HRAS","PPrel","activation"
"180","GNB1","KRAS","PPrel","activation"
"181","GNB1","NRAS","PPrel","activation"
"182","GNB1","RRAS","PPrel","activation"
"183","GNB1","PLCB1","PPrel","activation"
"184","GNB1","PLCB2","PPrel","activation"
"185","GNB1","PLCB3","PPrel","activation"
"186","GNB1","PLCB4","PPrel","activation"
"187","GNB1","ADCY1","PPrel","inhibition"
"188","GNB1","ADCY2","PPrel","inhibition"
"189","GNB1","ADCY3","PPrel","inhibition"
"190","GNB1","ADCY5","PPrel","inhibition"
"191","GNB1","ADCY6","PPrel","inhibition"
"192","GNB1","ADCY7","PPrel","inhibition"
"193","GNB1","ADCY8","PPrel","inhibition"
"194","GNB1","ADCY9","PPrel","inhibition"
"195","GNB1","ADCY4","PPrel","inhibition"
"196","GNB1","ADCY10","PPrel","inhibition"
"197","GNB1","CAMK4","PPrel","activation"
"198","GNB1","CAMK4","PPrel","indirect effect"
"199","GNB2","PIK3R6","PPrel","activation"
"200","GNB2","PIK3R5","PPrel","activation"
"201","GNB2","PIK3CG","PPrel","activation"
"202","GNB2","PRKCE","PPrel","activation"
"203","GNB2","PRKAG2","PPrel","activation"
"204","GNB2","PRKAG3","PPrel","activation"
"205","GNB2","PRKAA1","PPrel","activation"
"206","GNB2","PRKAA2","PPrel","activation"
"207","GNB2","PRKAB1","PPrel","activation"
"208","GNB2","PRKAB2","PPrel","activation"
"209","GNB2","PRKAG1","PPrel","activation"
"210","GNB2","RRAS2","PPrel","activation"
"211","GNB2","MRAS","PPrel","activation"
"212","GNB2","HRAS","PPrel","activation"
"213","GNB2","KRAS","PPrel","activation"
"214","GNB2","NRAS","PPrel","activation"
"215","GNB2","RRAS","PPrel","activation"
"216","GNB2","PLCB1","PPrel","activation"
"217","GNB2","PLCB2","PPrel","activation"
"218","GNB2","PLCB3","PPrel","activation"
"219","GNB2","PLCB4","PPrel","activation"
"220","GNB2","ADCY1","PPrel","inhibition"
"221","GNB2","ADCY2","PPrel","inhibition"
"222","GNB2","ADCY3","PPrel","inhibition"
"223","GNB2","ADCY5","PPrel","inhibition"
"224","GNB2","ADCY6","PPrel","inhibition"
"225","GNB2","ADCY7","PPrel","inhibition"
"226","GNB2","ADCY8","PPrel","inhibition"
"227","GNB2","ADCY9","PPrel","inhibition"
"228","GNB2","ADCY4","PPrel","inhibition"
"229","GNB2","ADCY10","PPrel","inhibition"
"230","GNB2","CAMK4","PPrel","activation"
"231","GNB2","CAMK4","PPrel","indirect effect"
"232","GNB3","PIK3R6","PPrel","activation"
"233","GNB3","PIK3R5","PPrel","activation"
"234","GNB3","PIK3CG","PPrel","activation"
"235","GNB3","PRKCE","PPrel","activation"
"236","GNB3","PRKAG2","PPrel","activation"
"237","GNB3","PRKAG3","PPrel","activation"
"238","GNB3","PRKAA1","PPrel","activation"
"239","GNB3","PRKAA2","PPrel","activation"
"240","GNB3","PRKAB1","PPrel","activation"
"241","GNB3","PRKAB2","PPrel","activation"
"242","GNB3","PRKAG1","PPrel","activation"
"243","GNB3","RRAS2","PPrel","activation"
"244","GNB3","MRAS","PPrel","activation"
"245","GNB3","HRAS","PPrel","activation"
"246","GNB3","KRAS","PPrel","activation"
"247","GNB3","NRAS","PPrel","activation"
"248","GNB3","RRAS","PPrel","activation"
"249","GNB3","PLCB1","PPrel","activation"
"250","GNB3","PLCB2","PPrel","activation"
"251","GNB3","PLCB3","PPrel","activation"
"252","GNB3","PLCB4","PPrel","activation"
"253","GNB3","ADCY1","PPrel","inhibition"
"254","GNB3","ADCY2","PPrel","inhibition"
"255","GNB3","ADCY3","PPrel","inhibition"
"256","GNB3","ADCY5","PPrel","inhibition"
"257","GNB3","ADCY6","PPrel","inhibition"
"258","GNB3","ADCY7","PPrel","inhibition"
"259","GNB3","ADCY8","PPrel","inhibition"
"260","GNB3","ADCY9","PPrel","inhibition"
"261","GNB3","ADCY4","PPrel","inhibition"
"262","GNB3","ADCY10","PPrel","inhibition"
"263","GNB3","CAMK4","PPrel","activation"
"264","GNB3","CAMK4","PPrel","indirect effect"
"265","GNG3","PIK3R6","PPrel","activation"
"266","GNG3","PIK3R5","PPrel","activation"
"267","GNG3","PIK3CG","PPrel","activation"
"268","GNG3","PRKCE","PPrel","activation"
"269","GNG3","PRKAG2","PPrel","activation"
"270","GNG3","PRKAG3","PPrel","activation"
"271","GNG3","PRKAA1","PPrel","activation"
"272","GNG3","PRKAA2","PPrel","activation"
"273","GNG3","PRKAB1","PPrel","activation"
"274","GNG3","PRKAB2","PPrel","activation"
"275","GNG3","PRKAG1","PPrel","activation"
"276","GNG3","RRAS2","PPrel","activation"
"277","GNG3","MRAS","PPrel","activation"
"278","GNG3","HRAS","PPrel","activation"
"279","GNG3","KRAS","PPrel","activation"
"280","GNG3","NRAS","PPrel","activation"
"281","GNG3","RRAS","PPrel","activation"
"282","GNG3","PLCB1","PPrel","activation"
"283","GNG3","PLCB2","PPrel","activation"
"284","GNG3","PLCB3","PPrel","activation"
"285","GNG3","PLCB4","PPrel","activation"
"286","GNG3","ADCY1","PPrel","inhibition"
"287","GNG3","ADCY2","PPrel","inhibition"
"288","GNG3","ADCY3","PPrel","inhibition"
"289","GNG3","ADCY5","PPrel","inhibition"
"290","GNG3","ADCY6","PPrel","inhibition"
"291","GNG3","ADCY7","PPrel","inhibition"
"292","GNG3","ADCY8","PPrel","inhibition"
"293","GNG3","ADCY9","PPrel","inhibition"
"294","GNG3","ADCY4","PPrel","inhibition"
"295","GNG3","ADCY10","PPrel","inhibition"
"296","GNG3","CAMK4","PPrel","activation"
"297","GNG3","CAMK4","PPrel","indirect effect"
"298","GNG4","PIK3R6","PPrel","activation"
"299","GNG4","PIK3R5","PPrel","activation"
"300","GNG4","PIK3CG","PPrel","activation"
"301","GNG4","PRKCE","PPrel","activation"
"302","GNG4","PRKAG2","PPrel","activation"
"303","GNG4","PRKAG3","PPrel","activation"
"304","GNG4","PRKAA1","PPrel","activation"
"305","GNG4","PRKAA2","PPrel","activation"
"306","GNG4","PRKAB1","PPrel","activation"
"307","GNG4","PRKAB2","PPrel","activation"
"308","GNG4","PRKAG1","PPrel","activation"
"309","GNG4","RRAS2","PPrel","activation"
"310","GNG4","MRAS","PPrel","activation"
"311","GNG4","HRAS","PPrel","activation"
"312","GNG4","KRAS","PPrel","activation"
"313","GNG4","NRAS","PPrel","activation"
"314","GNG4","RRAS","PPrel","activation"
"315","GNG4","PLCB1","PPrel","activation"
"316","GNG4","PLCB2","PPrel","activation"
"317","GNG4","PLCB3","PPrel","activation"
"318","GNG4","PLCB4","PPrel","activation"
"319","GNG4","ADCY1","PPrel","inhibition"
"320","GNG4","ADCY2","PPrel","inhibition"
"321","GNG4","ADCY3","PPrel","inhibition"
"322","GNG4","ADCY5","PPrel","inhibition"
"323","GNG4","ADCY6","PPrel","inhibition"
"324","GNG4","ADCY7","PPrel","inhibition"
"325","GNG4","ADCY8","PPrel","inhibition"
"326","GNG4","ADCY9","PPrel","inhibition"
"327","GNG4","ADCY4","PPrel","inhibition"
"328","GNG4","ADCY10","PPrel","inhibition"
"329","GNG4","CAMK4","PPrel","activation"
"330","GNG4","CAMK4","PPrel","indirect effect"
"331","GNG5","PIK3R6","PPrel","activation"
"332","GNG5","PIK3R5","PPrel","activation"
"333","GNG5","PIK3CG","PPrel","activation"
"334","GNG5","PRKCE","PPrel","activation"
"335","GNG5","PRKAG2","PPrel","activation"
"336","GNG5","PRKAG3","PPrel","activation"
"337","GNG5","PRKAA1","PPrel","activation"
"338","GNG5","PRKAA2","PPrel","activation"
"339","GNG5","PRKAB1","PPrel","activation"
"340","GNG5","PRKAB2","PPrel","activation"
"341","GNG5","PRKAG1","PPrel","activation"
"342","GNG5","RRAS2","PPrel","activation"
"343","GNG5","MRAS","PPrel","activation"
"344","GNG5","HRAS","PPrel","activation"
"345","GNG5","KRAS","PPrel","activation"
"346","GNG5","NRAS","PPrel","activation"
"347","GNG5","RRAS","PPrel","activation"
"348","GNG5","PLCB1","PPrel","activation"
"349","GNG5","PLCB2","PPrel","activation"
"350","GNG5","PLCB3","PPrel","activation"
"351","GNG5","PLCB4","PPrel","activation"
"352","GNG5","ADCY1","PPrel","inhibition"
"353","GNG5","ADCY2","PPrel","inhibition"
"354","GNG5","ADCY3","PPrel","inhibition"
"355","GNG5","ADCY5","PPrel","inhibition"
"356","GNG5","ADCY6","PPrel","inhibition"
"357","GNG5","ADCY7","PPrel","inhibition"
"358","GNG5","ADCY8","PPrel","inhibition"
"359","GNG5","ADCY9","PPrel","inhibition"
"360","GNG5","ADCY4","PPrel","inhibition"
"361","GNG5","ADCY10","PPrel","inhibition"
"362","GNG5","CAMK4","PPrel","activation"
"363","GNG5","CAMK4","PPrel","indirect effect"
"364","GNG7","PIK3R6","PPrel","activation"
"365","GNG7","PIK3R5","PPrel","activation"
"366","GNG7","PIK3CG","PPrel","activation"
"367","GNG7","PRKCE","PPrel","activation"
"368","GNG7","PRKAG2","PPrel","activation"
"369","GNG7","PRKAG3","PPrel","activation"
"370","GNG7","PRKAA1","PPrel","activation"
"371","GNG7","PRKAA2","PPrel","activation"
"372","GNG7","PRKAB1","PPrel","activation"
"373","GNG7","PRKAB2","PPrel","activation"
"374","GNG7","PRKAG1","PPrel","activation"
"375","GNG7","RRAS2","PPrel","activation"
"376","GNG7","MRAS","PPrel","activation"
"377","GNG7","HRAS","PPrel","activation"
"378","GNG7","KRAS","PPrel","activation"
"379","GNG7","NRAS","PPrel","activation"
"380","GNG7","RRAS","PPrel","activation"
"381","GNG7","PLCB1","PPrel","activation"
"382","GNG7","PLCB2","PPrel","activation"
"383","GNG7","PLCB3","PPrel","activation"
"384","GNG7","PLCB4","PPrel","activation"
"385","GNG7","ADCY1","PPrel","inhibition"
"386","GNG7","ADCY2","PPrel","inhibition"
"387","GNG7","ADCY3","PPrel","inhibition"
"388","GNG7","ADCY5","PPrel","inhibition"
"389","GNG7","ADCY6","PPrel","inhibition"
"390","GNG7","ADCY7","PPrel","inhibition"
"391","GNG7","ADCY8","PPrel","inhibition"
"392","GNG7","ADCY9","PPrel","inhibition"
"393","GNG7","ADCY4","PPrel","inhibition"
"394","GNG7","ADCY10","PPrel","inhibition"
"395","GNG7","CAMK4","PPrel","activation"
"396","GNG7","CAMK4","PPrel","indirect effect"
"397","GNG10","PIK3R6","PPrel","activation"
"398","GNG10","PIK3R5","PPrel","activation"
"399","GNG10","PIK3CG","PPrel","activation"
"400","GNG10","PRKCE","PPrel","activation"
"401","GNG10","PRKAG2","PPrel","activation"
"402","GNG10","PRKAG3","PPrel","activation"
"403","GNG10","PRKAA1","PPrel","activation"
"404","GNG10","PRKAA2","PPrel","activation"
"405","GNG10","PRKAB1","PPrel","activation"
"406","GNG10","PRKAB2","PPrel","activation"
"407","GNG10","PRKAG1","PPrel","activation"
"408","GNG10","RRAS2","PPrel","activation"
"409","GNG10","MRAS","PPrel","activation"
"410","GNG10","HRAS","PPrel","activation"
"411","GNG10","KRAS","PPrel","activation"
"412","GNG10","NRAS","PPrel","activation"
"413","GNG10","RRAS","PPrel","activation"
"414","GNG10","PLCB1","PPrel","activation"
"415","GNG10","PLCB2","PPrel","activation"
"416","GNG10","PLCB3","PPrel","activation"
"417","GNG10","PLCB4","PPrel","activation"
"418","GNG10","ADCY1","PPrel","inhibition"
"419","GNG10","ADCY2","PPrel","inhibition"
"420","GNG10","ADCY3","PPrel","inhibition"
"421","GNG10","ADCY5","PPrel","inhibition"
"422","GNG10","ADCY6","PPrel","inhibition"
"423","GNG10","ADCY7","PPrel","inhibition"
"424","GNG10","ADCY8","PPrel","inhibition"
"425","GNG10","ADCY9","PPrel","inhibition"
"426","GNG10","ADCY4","PPrel","inhibition"
"427","GNG10","ADCY10","PPrel","inhibition"
"428","GNG10","CAMK4","PPrel","activation"
"429","GNG10","CAMK4","PPrel","indirect effect"
"430","GNG11","PIK3R6","PPrel","activation"
"431","GNG11","PIK3R5","PPrel","activation"
"432","GNG11","PIK3CG","PPrel","activation"
"433","GNG11","PRKCE","PPrel","activation"
"434","GNG11","PRKAG2","PPrel","activation"
"435","GNG11","PRKAG3","PPrel","activation"
"436","GNG11","PRKAA1","PPrel","activation"
"437","GNG11","PRKAA2","PPrel","activation"
"438","GNG11","PRKAB1","PPrel","activation"
"439","GNG11","PRKAB2","PPrel","activation"
"440","GNG11","PRKAG1","PPrel","activation"
"441","GNG11","RRAS2","PPrel","activation"
"442","GNG11","MRAS","PPrel","activation"
"443","GNG11","HRAS","PPrel","activation"
"444","GNG11","KRAS","PPrel","activation"
"445","GNG11","NRAS","PPrel","activation"
"446","GNG11","RRAS","PPrel","activation"
"447","GNG11","PLCB1","PPrel","activation"
"448","GNG11","PLCB2","PPrel","activation"
"449","GNG11","PLCB3","PPrel","activation"
"450","GNG11","PLCB4","PPrel","activation"
"451","GNG11","ADCY1","PPrel","inhibition"
"452","GNG11","ADCY2","PPrel","inhibition"
"453","GNG11","ADCY3","PPrel","inhibition"
"454","GNG11","ADCY5","PPrel","inhibition"
"455","GNG11","ADCY6","PPrel","inhibition"
"456","GNG11","ADCY7","PPrel","inhibition"
"457","GNG11","ADCY8","PPrel","inhibition"
"458","GNG11","ADCY9","PPrel","inhibition"
"459","GNG11","ADCY4","PPrel","inhibition"
"460","GNG11","ADCY10","PPrel","inhibition"
"461","GNG11","CAMK4","PPrel","activation"
"462","GNG11","CAMK4","PPrel","indirect effect"
"463","GNGT1","PIK3R6","PPrel","activation"
"464","GNGT1","PIK3R5","PPrel","activation"
"465","GNGT1","PIK3CG","PPrel","activation"
"466","GNGT1","PRKCE","PPrel","activation"
"467","GNGT1","PRKAG2","PPrel","activation"
"468","GNGT1","PRKAG3","PPrel","activation"
"469","GNGT1","PRKAA1","PPrel","activation"
"470","GNGT1","PRKAA2","PPrel","activation"
"471","GNGT1","PRKAB1","PPrel","activation"
"472","GNGT1","PRKAB2","PPrel","activation"
"473","GNGT1","PRKAG1","PPrel","activation"
"474","GNGT1","RRAS2","PPrel","activation"
"475","GNGT1","MRAS","PPrel","activation"
"476","GNGT1","HRAS","PPrel","activation"
"477","GNGT1","KRAS","PPrel","activation"
"478","GNGT1","NRAS","PPrel","activation"
"479","GNGT1","RRAS","PPrel","activation"
"480","GNGT1","PLCB1","PPrel","activation"
"481","GNGT1","PLCB2","PPrel","activation"
"482","GNGT1","PLCB3","PPrel","activation"
"483","GNGT1","PLCB4","PPrel","activation"
"484","GNGT1","ADCY1","PPrel","inhibition"
"485","GNGT1","ADCY2","PPrel","inhibition"
"486","GNGT1","ADCY3","PPrel","inhibition"
"487","GNGT1","ADCY5","PPrel","inhibition"
"488","GNGT1","ADCY6","PPrel","inhibition"
"489","GNGT1","ADCY7","PPrel","inhibition"
"490","GNGT1","ADCY8","PPrel","inhibition"
"491","GNGT1","ADCY9","PPrel","inhibition"
"492","GNGT1","ADCY4","PPrel","inhibition"
"493","GNGT1","ADCY10","PPrel","inhibition"
"494","GNGT1","CAMK4","PPrel","activation"
"495","GNGT1","CAMK4","PPrel","indirect effect"
"496","GNGT2","PIK3R6","PPrel","activation"
"497","GNGT2","PIK3R5","PPrel","activation"
"498","GNGT2","PIK3CG","PPrel","activation"
"499","GNGT2","PRKCE","PPrel","activation"
"500","GNGT2","PRKAG2","PPrel","activation"
"501","GNGT2","PRKAG3","PPrel","activation"
"502","GNGT2","PRKAA1","PPrel","activation"
"503","GNGT2","PRKAA2","PPrel","activation"
"504","GNGT2","PRKAB1","PPrel","activation"
"505","GNGT2","PRKAB2","PPrel","activation"
"506","GNGT2","PRKAG1","PPrel","activation"
"507","GNGT2","RRAS2","PPrel","activation"
"508","GNGT2","MRAS","PPrel","activation"
"509","GNGT2","HRAS","PPrel","activation"
"510","GNGT2","KRAS","PPrel","activation"
"511","GNGT2","NRAS","PPrel","activation"
"512","GNGT2","RRAS","PPrel","activation"
"513","GNGT2","PLCB1","PPrel","activation"
"514","GNGT2","PLCB2","PPrel","activation"
"515","GNGT2","PLCB3","PPrel","activation"
"516","GNGT2","PLCB4","PPrel","activation"
"517","GNGT2","ADCY1","PPrel","inhibition"
"518","GNGT2","ADCY2","PPrel","inhibition"
"519","GNGT2","ADCY3","PPrel","inhibition"
"520","GNGT2","ADCY5","PPrel","inhibition"
"521","GNGT2","ADCY6","PPrel","inhibition"
"522","GNGT2","ADCY7","PPrel","inhibition"
"523","GNGT2","ADCY8","PPrel","inhibition"
"524","GNGT2","ADCY9","PPrel","inhibition"
"525","GNGT2","ADCY4","PPrel","inhibition"
"526","GNGT2","ADCY10","PPrel","inhibition"
"527","GNGT2","CAMK4","PPrel","activation"
"528","GNGT2","CAMK4","PPrel","indirect effect"
"529","GNG13","PIK3R6","PPrel","activation"
"530","GNG13","PIK3R5","PPrel","activation"
"531","GNG13","PIK3CG","PPrel","activation"
"532","GNG13","PRKCE","PPrel","activation"
"533","GNG13","PRKAG2","PPrel","activation"
"534","GNG13","PRKAG3","PPrel","activation"
"535","GNG13","PRKAA1","PPrel","activation"
"536","GNG13","PRKAA2","PPrel","activation"
"537","GNG13","PRKAB1","PPrel","activation"
"538","GNG13","PRKAB2","PPrel","activation"
"539","GNG13","PRKAG1","PPrel","activation"
"540","GNG13","RRAS2","PPrel","activation"
"541","GNG13","MRAS","PPrel","activation"
"542","GNG13","HRAS","PPrel","activation"
"543","GNG13","KRAS","PPrel","activation"
"544","GNG13","NRAS","PPrel","activation"
"545","GNG13","RRAS","PPrel","activation"
"546","GNG13","PLCB1","PPrel","activation"
"547","GNG13","PLCB2","PPrel","activation"
"548","GNG13","PLCB3","PPrel","activation"
"549","GNG13","PLCB4","PPrel","activation"
"550","GNG13","ADCY1","PPrel","inhibition"
"551","GNG13","ADCY2","PPrel","inhibition"
"552","GNG13","ADCY3","PPrel","inhibition"
"553","GNG13","ADCY5","PPrel","inhibition"
"554","GNG13","ADCY6","PPrel","inhibition"
"555","GNG13","ADCY7","PPrel","inhibition"
"556","GNG13","ADCY8","PPrel","inhibition"
"557","GNG13","ADCY9","PPrel","inhibition"
"558","GNG13","ADCY4","PPrel","inhibition"
"559","GNG13","ADCY10","PPrel","inhibition"
"560","GNG13","CAMK4","PPrel","activation"
"561","GNG13","CAMK4","PPrel","indirect effect"
"562","GNG2","PIK3R6","PPrel","activation"
"563","GNG2","PIK3R5","PPrel","activation"
"564","GNG2","PIK3CG","PPrel","activation"
"565","GNG2","PRKCE","PPrel","activation"
"566","GNG2","PRKAG2","PPrel","activation"
"567","GNG2","PRKAG3","PPrel","activation"
"568","GNG2","PRKAA1","PPrel","activation"
"569","GNG2","PRKAA2","PPrel","activation"
"570","GNG2","PRKAB1","PPrel","activation"
"571","GNG2","PRKAB2","PPrel","activation"
"572","GNG2","PRKAG1","PPrel","activation"
"573","GNG2","RRAS2","PPrel","activation"
"574","GNG2","MRAS","PPrel","activation"
"575","GNG2","HRAS","PPrel","activation"
"576","GNG2","KRAS","PPrel","activation"
"577","GNG2","NRAS","PPrel","activation"
"578","GNG2","RRAS","PPrel","activation"
"579","GNG2","PLCB1","PPrel","activation"
"580","GNG2","PLCB2","PPrel","activation"
"581","GNG2","PLCB3","PPrel","activation"
"582","GNG2","PLCB4","PPrel","activation"
"583","GNG2","ADCY1","PPrel","inhibition"
"584","GNG2","ADCY2","PPrel","inhibition"
"585","GNG2","ADCY3","PPrel","inhibition"
"586","GNG2","ADCY5","PPrel","inhibition"
"587","GNG2","ADCY6","PPrel","inhibition"
"588","GNG2","ADCY7","PPrel","inhibition"
"589","GNG2","ADCY8","PPrel","inhibition"
"590","GNG2","ADCY9","PPrel","inhibition"
"591","GNG2","ADCY4","PPrel","inhibition"
"592","GNG2","ADCY10","PPrel","inhibition"
"593","GNG2","CAMK4","PPrel","activation"
"594","GNG2","CAMK4","PPrel","indirect effect"
"595","GNG12","PIK3R6","PPrel","activation"
"596","GNG12","PIK3R5","PPrel","activation"
"597","GNG12","PIK3CG","PPrel","activation"
"598","GNG12","PRKCE","PPrel","activation"
"599","GNG12","PRKAG2","PPrel","activation"
"600","GNG12","PRKAG3","PPrel","activation"
"601","GNG12","PRKAA1","PPrel","activation"
"602","GNG12","PRKAA2","PPrel","activation"
"603","GNG12","PRKAB1","PPrel","activation"
"604","GNG12","PRKAB2","PPrel","activation"
"605","GNG12","PRKAG1","PPrel","activation"
"606","GNG12","RRAS2","PPrel","activation"
"607","GNG12","MRAS","PPrel","activation"
"608","GNG12","HRAS","PPrel","activation"
"609","GNG12","KRAS","PPrel","activation"
"610","GNG12","NRAS","PPrel","activation"
"611","GNG12","RRAS","PPrel","activation"
"612","GNG12","PLCB1","PPrel","activation"
"613","GNG12","PLCB2","PPrel","activation"
"614","GNG12","PLCB3","PPrel","activation"
"615","GNG12","PLCB4","PPrel","activation"
"616","GNG12","ADCY1","PPrel","inhibition"
"617","GNG12","ADCY2","PPrel","inhibition"
"618","GNG12","ADCY3","PPrel","inhibition"
"619","GNG12","ADCY5","PPrel","inhibition"
"620","GNG12","ADCY6","PPrel","inhibition"
"621","GNG12","ADCY7","PPrel","inhibition"
"622","GNG12","ADCY8","PPrel","inhibition"
"623","GNG12","ADCY9","PPrel","inhibition"
"624","GNG12","ADCY4","PPrel","inhibition"
"625","GNG12","ADCY10","PPrel","inhibition"
"626","GNG12","CAMK4","PPrel","activation"
"627","GNG12","CAMK4","PPrel","indirect effect"
"628","GNB4","PIK3R6","PPrel","activation"
"629","GNB4","PIK3R5","PPrel","activation"
"630","GNB4","PIK3CG","PPrel","activation"
"631","GNB4","PRKCE","PPrel","activation"
"632","GNB4","PRKAG2","PPrel","activation"
"633","GNB4","PRKAG3","PPrel","activation"
"634","GNB4","PRKAA1","PPrel","activation"
"635","GNB4","PRKAA2","PPrel","activation"
"636","GNB4","PRKAB1","PPrel","activation"
"637","GNB4","PRKAB2","PPrel","activation"
"638","GNB4","PRKAG1","PPrel","activation"
"639","GNB4","RRAS2","PPrel","activation"
"640","GNB4","MRAS","PPrel","activation"
"641","GNB4","HRAS","PPrel","activation"
"642","GNB4","KRAS","PPrel","activation"
"643","GNB4","NRAS","PPrel","activation"
"644","GNB4","RRAS","PPrel","activation"
"645","GNB4","PLCB1","PPrel","activation"
"646","GNB4","PLCB2","PPrel","activation"
"647","GNB4","PLCB3","PPrel","activation"
"648","GNB4","PLCB4","PPrel","activation"
"649","GNB4","ADCY1","PPrel","inhibition"
"650","GNB4","ADCY2","PPrel","inhibition"
"651","GNB4","ADCY3","PPrel","inhibition"
"652","GNB4","ADCY5","PPrel","inhibition"
"653","GNB4","ADCY6","PPrel","inhibition"
"654","GNB4","ADCY7","PPrel","inhibition"
"655","GNB4","ADCY8","PPrel","inhibition"
"656","GNB4","ADCY9","PPrel","inhibition"
"657","GNB4","ADCY4","PPrel","inhibition"
"658","GNB4","ADCY10","PPrel","inhibition"
"659","GNB4","CAMK4","PPrel","activation"
"660","GNB4","CAMK4","PPrel","indirect effect"
"661","GNG8","PIK3R6","PPrel","activation"
"662","GNG8","PIK3R5","PPrel","activation"
"663","GNG8","PIK3CG","PPrel","activation"
"664","GNG8","PRKCE","PPrel","activation"
"665","GNG8","PRKAG2","PPrel","activation"
"666","GNG8","PRKAG3","PPrel","activation"
"667","GNG8","PRKAA1","PPrel","activation"
"668","GNG8","PRKAA2","PPrel","activation"
"669","GNG8","PRKAB1","PPrel","activation"
"670","GNG8","PRKAB2","PPrel","activation"
"671","GNG8","PRKAG1","PPrel","activation"
"672","GNG8","RRAS2","PPrel","activation"
"673","GNG8","MRAS","PPrel","activation"
"674","GNG8","HRAS","PPrel","activation"
"675","GNG8","KRAS","PPrel","activation"
"676","GNG8","NRAS","PPrel","activation"
"677","GNG8","RRAS","PPrel","activation"
"678","GNG8","PLCB1","PPrel","activation"
"679","GNG8","PLCB2","PPrel","activation"
"680","GNG8","PLCB3","PPrel","activation"
"681","GNG8","PLCB4","PPrel","activation"
"682","GNG8","ADCY1","PPrel","inhibition"
"683","GNG8","ADCY2","PPrel","inhibition"
"684","GNG8","ADCY3","PPrel","inhibition"
"685","GNG8","ADCY5","PPrel","inhibition"
"686","GNG8","ADCY6","PPrel","inhibition"
"687","GNG8","ADCY7","PPrel","inhibition"
"688","GNG8","ADCY8","PPrel","inhibition"
"689","GNG8","ADCY9","PPrel","inhibition"
"690","GNG8","ADCY4","PPrel","inhibition"
"691","GNG8","ADCY10","PPrel","inhibition"
"692","GNG8","CAMK4","PPrel","activation"
"693","GNG8","CAMK4","PPrel","indirect effect"
"694","PIK3R6","AKT3","PPrel","phosphorylation"
"695","PIK3R6","AKT3","PPrel","indirect effect"
"696","PIK3R6","AKT1","PPrel","phosphorylation"
"697","PIK3R6","AKT1","PPrel","indirect effect"
"698","PIK3R6","AKT2","PPrel","phosphorylation"
"699","PIK3R6","AKT2","PPrel","indirect effect"
"700","PIK3R5","AKT3","PPrel","phosphorylation"
"701","PIK3R5","AKT3","PPrel","indirect effect"
"702","PIK3R5","AKT1","PPrel","phosphorylation"
"703","PIK3R5","AKT1","PPrel","indirect effect"
"704","PIK3R5","AKT2","PPrel","phosphorylation"
"705","PIK3R5","AKT2","PPrel","indirect effect"
"706","PIK3CG","AKT3","PPrel","phosphorylation"
"707","PIK3CG","AKT3","PPrel","indirect effect"
"708","PIK3CG","AKT1","PPrel","phosphorylation"
"709","PIK3CG","AKT1","PPrel","indirect effect"
"710","PIK3CG","AKT2","PPrel","phosphorylation"
"711","PIK3CG","AKT2","PPrel","indirect effect"
"712","AKT3","NOS1","PPrel","activation"
"713","AKT3","NOS1","PPrel","phosphorylation"
"714","AKT3","NOS2","PPrel","activation"
"715","AKT3","NOS2","PPrel","phosphorylation"
"716","AKT3","NOS3","PPrel","activation"
"717","AKT3","NOS3","PPrel","phosphorylation"
"718","AKT3","MAPK1","PPrel","activation"
"719","AKT3","MAPK1","PPrel","phosphorylation"
"720","AKT3","MAPK3","PPrel","activation"
"721","AKT3","MAPK3","PPrel","phosphorylation"
"722","AKT3","PDE3B","PPrel","activation"
"723","AKT3","PDE3B","PPrel","phosphorylation"
"724","AKT3","MTOR","PPrel","activation"
"725","AKT3","MTOR","PPrel","indirect effect"
"726","AKT1","NOS1","PPrel","activation"
"727","AKT1","NOS1","PPrel","phosphorylation"
"728","AKT1","NOS2","PPrel","activation"
"729","AKT1","NOS2","PPrel","phosphorylation"
"730","AKT1","NOS3","PPrel","activation"
"731","AKT1","NOS3","PPrel","phosphorylation"
"732","AKT1","MAPK1","PPrel","activation"
"733","AKT1","MAPK1","PPrel","phosphorylation"
"734","AKT1","MAPK3","PPrel","activation"
"735","AKT1","MAPK3","PPrel","phosphorylation"
"736","AKT1","PDE3B","PPrel","activation"
"737","AKT1","PDE3B","PPrel","phosphorylation"
"738","AKT1","MTOR","PPrel","activation"
"739","AKT1","MTOR","PPrel","indirect effect"
"740","AKT2","NOS1","PPrel","activation"
"741","AKT2","NOS1","PPrel","phosphorylation"
"742","AKT2","NOS2","PPrel","activation"
"743","AKT2","NOS2","PPrel","phosphorylation"
"744","AKT2","NOS3","PPrel","activation"
"745","AKT2","NOS3","PPrel","phosphorylation"
"746","AKT2","MAPK1","PPrel","activation"
"747","AKT2","MAPK1","PPrel","phosphorylation"
"748","AKT2","MAPK3","PPrel","activation"
"749","AKT2","MAPK3","PPrel","phosphorylation"
"750","AKT2","PDE3B","PPrel","activation"
"751","AKT2","PDE3B","PPrel","phosphorylation"
"752","AKT2","MTOR","PPrel","activation"
"753","AKT2","MTOR","PPrel","indirect effect"
"754","MAP2K1","MAPK1","PPrel","activation"
"755","MAP2K1","MAPK1","PPrel","phosphorylation"
"756","MAP2K1","MAPK3","PPrel","activation"
"757","MAP2K1","MAPK3","PPrel","phosphorylation"
"758","MAP2K2","MAPK1","PPrel","activation"
"759","MAP2K2","MAPK1","PPrel","phosphorylation"
"760","MAP2K2","MAPK3","PPrel","activation"
"761","MAP2K2","MAPK3","PPrel","phosphorylation"
"762","MAPK1","RPS6KB1","PPrel","activation"
"763","MAPK1","RPS6KB1","PPrel","phosphorylation"
"764","MAPK1","RPS6KB2","PPrel","activation"
"765","MAPK1","RPS6KB2","PPrel","phosphorylation"
"766","MAPK1","SLC9A1","PPrel","activation"
"767","MAPK1","EGR1","GErel","expression"
"768","MAPK1","JAG1","GErel","expression"
"769","MAPK3","RPS6KB1","PPrel","activation"
"770","MAPK3","RPS6KB1","PPrel","phosphorylation"
"771","MAPK3","RPS6KB2","PPrel","activation"
"772","MAPK3","RPS6KB2","PPrel","phosphorylation"
"773","MAPK3","SLC9A1","PPrel","activation"
"774","MAPK3","EGR1","GErel","expression"
"775","MAPK3","JAG1","GErel","expression"
"776","RPS6KB1","RPS6","PPrel","activation"
"777","RPS6KB2","RPS6","PPrel","activation"
"778","MTOR","RPS6KB1","PPrel","activation"
"779","MTOR","RPS6KB1","PPrel","phosphorylation"
"780","MTOR","RPS6KB2","PPrel","activation"
"781","MTOR","RPS6KB2","PPrel","phosphorylation"
"782","RRAS2","RAF1","PPrel","activation"
"783","MRAS","RAF1","PPrel","activation"
"784","HRAS","RAF1","PPrel","activation"
"785","KRAS","RAF1","PPrel","activation"
"786","NRAS","RAF1","PPrel","activation"
"787","RRAS","RAF1","PPrel","activation"
"788","RAF1","MAP2K1","PPrel","activation"
"789","RAF1","MAP2K1","PPrel","phosphorylation"
"790","RAF1","MAP2K2","PPrel","activation"
"791","RAF1","MAP2K2","PPrel","phosphorylation"
"792","KLF2","NOS1","GErel","expression"
"793","KLF2","NOS2","GErel","expression"
"794","KLF2","NOS3","GErel","expression"
"795","TGFBR1","SMAD2","PPrel","activation"
"796","TGFBR1","SMAD3","PPrel","activation"
"797","PPARGC1A","UCP1","GErel","expression"
"798","PPARGC1A","NRF1","GErel","expression"
"799","PPARGC1A","TFAM","GErel","expression"
"800","MYLK4","MYL2","PPrel","activation"
"801","MYLK4","MYL2","PPrel","phosphorylation"
"802","MYLK4","MYL3","PPrel","activation"
"803","MYLK4","MYL3","PPrel","phosphorylation"
"804","MYLK4","MYL4","PPrel","activation"
"805","MYLK4","MYL4","PPrel","phosphorylation"
"806","MYLK","MYL2","PPrel","activation"
"807","MYLK","MYL2","PPrel","phosphorylation"
"808","MYLK","MYL3","PPrel","activation"
"809","MYLK","MYL3","PPrel","phosphorylation"
"810","MYLK","MYL4","PPrel","activation"
"811","MYLK","MYL4","PPrel","phosphorylation"
"812","MYLK2","MYL2","PPrel","activation"
"813","MYLK2","MYL2","PPrel","phosphorylation"
"814","MYLK2","MYL3","PPrel","activation"
"815","MYLK2","MYL3","PPrel","phosphorylation"
"816","MYLK2","MYL4","PPrel","activation"
"817","MYLK2","MYL4","PPrel","phosphorylation"
"818","MYLK3","MYL2","PPrel","activation"
"819","MYLK3","MYL2","PPrel","phosphorylation"
"820","MYLK3","MYL3","PPrel","activation"
"821","MYLK3","MYL3","PPrel","phosphorylation"
"822","MYLK3","MYL4","PPrel","activation"
"823","MYLK3","MYL4","PPrel","phosphorylation"
"824","PRKCE","RRAS2","PPrel","activation"
"825","PRKCE","MRAS","PPrel","activation"
"826","PRKCE","HRAS","PPrel","activation"
"827","PRKCE","KRAS","PPrel","activation"
"828","PRKCE","NRAS","PPrel","activation"
"829","PRKCE","RRAS","PPrel","activation"
"830","PRKCE","SLC9A1","PPrel","activation"
"831","PRKCE","MYLK4","PPrel","activation"
"832","PRKCE","MYLK","PPrel","activation"
"833","PRKCE","MYLK2","PPrel","activation"
"834","PRKCE","MYLK3","PPrel","activation"
"835","PRKACA","LIPE","PPrel","activation"
"836","PRKACA","LIPE","PPrel","phosphorylation"
"837","PRKACB","LIPE","PPrel","activation"
"838","PRKACB","LIPE","PPrel","phosphorylation"
"839","PRKACG","LIPE","PPrel","activation"
"840","PRKACG","LIPE","PPrel","phosphorylation"
"841","MEF2B","KLF2","GErel","expression"
"842","MEF2A","KLF2","GErel","expression"
"843","BORCS8-MEF2B","KLF2","GErel","expression"
"844","MEF2C","KLF2","GErel","expression"
"845","MEF2D","KLF2","GErel","expression"
"846","HDAC5","MEF2B","GErel","repression"
"847","HDAC5","MEF2A","GErel","repression"
"848","HDAC5","BORCS8-MEF2B","GErel","repression"
"849","HDAC5","MEF2C","GErel","repression"
"850","HDAC5","MEF2D","GErel","repression"
"851","HDAC4","MEF2B","GErel","repression"
"852","HDAC4","MEF2A","GErel","repression"
"853","HDAC4","BORCS8-MEF2B","GErel","repression"
"854","HDAC4","MEF2C","GErel","repression"
"855","HDAC4","MEF2D","GErel","repression"
"856","GNA13","CAMK4","PPrel","activation"
"857","GNA13","CAMK4","PPrel","indirect effect"
"858","PIK3R4","BECN2","PPrel","binding/association"
"859","PIK3R4","BECN1","PPrel","binding/association"
"860","PIK3C3","BECN2","PPrel","binding/association"
"861","PIK3C3","BECN1","PPrel","binding/association"
"862","BECN2","MAP1LC3BP1","PPrel","activation"
"863","BECN2","MAP1LC3C","PPrel","activation"
"864","BECN2","MAP1LC3B2","PPrel","activation"
"865","BECN2","MAP1LC3B","PPrel","activation"
"866","BECN2","MAP1LC3A","PPrel","activation"
"867","BECN1","MAP1LC3BP1","PPrel","activation"
"868","BECN1","MAP1LC3C","PPrel","activation"
"869","BECN1","MAP1LC3B2","PPrel","activation"
"870","BECN1","MAP1LC3B","PPrel","activation"
"871","BECN1","MAP1LC3A","PPrel","activation"
"872","EGR1","SPP1","GErel","expression"
"873","NOTCH3","CCND1","GErel","expression"
"874","JAG1","NOTCH3","PPrel","binding/association"
"875","JAG1","CCND1","GErel","expression"
"876","SMAD4","SPHK2","GErel","expression"
"877","SMAD4","SPHK1","GErel","expression"
"878","SMAD4","ACTA2","GErel","expression"
"879","SMAD4","CCN2","GErel","expression"
"880","SMAD4","CDH1","GErel","repression"
"881","SMAD2","SMAD4","PPrel","binding/association"
"882","SMAD2","SPHK2","GErel","expression"
"883","SMAD2","SPHK1","GErel","expression"
"884","SMAD2","ACTA2","GErel","expression"
"885","SMAD2","CCN2","GErel","expression"
"886","SMAD2","CDH1","GErel","repression"
"887","SMAD3","SMAD4","PPrel","binding/association"
"888","SMAD3","SPHK2","GErel","expression"
"889","SMAD3","SPHK1","GErel","expression"
"890","SMAD3","ACTA2","GErel","expression"
"891","SMAD3","CCN2","GErel","expression"
"892","SMAD3","CDH1","GErel","repression"
"893","GNAQ","PRKAG2","PPrel","activation"
"894","GNAQ","PRKAG3","PPrel","activation"
"895","GNAQ","PRKAA1","PPrel","activation"
"896","GNAQ","PRKAA2","PPrel","activation"
"897","GNAQ","PRKAB1","PPrel","activation"
"898","GNAQ","PRKAB2","PPrel","activation"
"899","GNAQ","PRKAG1","PPrel","activation"
"900","GNAQ","RRAS2","PPrel","activation"
"901","GNAQ","MRAS","PPrel","activation"
"902","GNAQ","HRAS","PPrel","activation"
"903","GNAQ","KRAS","PPrel","activation"
"904","GNAQ","NRAS","PPrel","activation"
"905","GNAQ","RRAS","PPrel","activation"
"906","GNAQ","PLCB1","PPrel","activation"
"907","GNAQ","PLCB2","PPrel","activation"
"908","GNAQ","PLCB3","PPrel","activation"
"909","GNAQ","PLCB4","PPrel","activation"
"910","CAMK4","HDAC5","PPrel","inhibition"
"911","CAMK4","HDAC5","PPrel","phosphorylation"
"912","CAMK4","HDAC4","PPrel","inhibition"
"913","CAMK4","HDAC4","PPrel","phosphorylation"
"914","CALML6","MYLK4","PPrel","activation"
"915","CALML6","MYLK","PPrel","activation"
"916","CALML6","MYLK2","PPrel","activation"
"917","CALML6","MYLK3","PPrel","activation"
"918","CALML6","NOS1","PPrel","activation"
"919","CALML6","NOS2","PPrel","activation"
"920","CALML6","NOS3","PPrel","activation"
"921","CALML5","MYLK4","PPrel","activation"
"922","CALML5","MYLK","PPrel","activation"
"923","CALML5","MYLK2","PPrel","activation"
"924","CALML5","MYLK3","PPrel","activation"
"925","CALML5","NOS1","PPrel","activation"
"926","CALML5","NOS2","PPrel","activation"
"927","CALML5","NOS3","PPrel","activation"
"928","CALM1","MYLK4","PPrel","activation"
"929","CALM1","MYLK","PPrel","activation"
"930","CALM1","MYLK2","PPrel","activation"
"931","CALM1","MYLK3","PPrel","activation"
"932","CALM1","NOS1","PPrel","activation"
"933","CALM1","NOS2","PPrel","activation"
"934","CALM1","NOS3","PPrel","activation"
"935","CALM2","MYLK4","PPrel","activation"
"936","CALM2","MYLK","PPrel","activation"
"937","CALM2","MYLK2","PPrel","activation"
"938","CALM2","MYLK3","PPrel","activation"
"939","CALM2","NOS1","PPrel","activation"
"940","CALM2","NOS2","PPrel","activation"
"941","CALM2","NOS3","PPrel","activation"
"942","CALM3","MYLK4","PPrel","activation"
"943","CALM3","MYLK","PPrel","activation"
"944","CALM3","MYLK2","PPrel","activation"
"945","CALM3","MYLK3","PPrel","activation"
"946","CALM3","NOS1","PPrel","activation"
"947","CALM3","NOS2","PPrel","activation"
"948","CALM3","NOS3","PPrel","activation"
"949","CALML3","MYLK4","PPrel","activation"
"950","CALML3","MYLK","PPrel","activation"
"951","CALML3","MYLK2","PPrel","activation"
"952","CALML3","MYLK3","PPrel","activation"
"953","CALML3","NOS1","PPrel","activation"
"954","CALML3","NOS2","PPrel","activation"
"955","CALML3","NOS3","PPrel","activation"
"956","CALML4","MYLK4","PPrel","activation"
"957","CALML4","MYLK","PPrel","activation"
"958","CALML4","MYLK2","PPrel","activation"
"959","CALML4","MYLK3","PPrel","activation"
"960","CALML4","NOS1","PPrel","activation"
"961","CALML4","NOS2","PPrel","activation"
"962","CALML4","NOS3","PPrel","activation"
"963","APELA","APLNR","PPrel","activation"
"964","APELA","TGFBR1","GErel","repression"
"965","APELA","SERPINE1","GErel","repression"
"966","APLN","APLNR","PPrel","activation"
"967","APLN","TGFBR1","GErel","repression"
"968","APLN","SERPINE1","GErel","repression"
"969","AGTR1","SERPINE1","PPrel","activation"
